framenum,time,skier,centrex,centrey,safe
37,2.466666666666667,0,380,150,False
37,2.466666666666667,1,530,149,False
37,2.466666666666667,2,595,163,False
37,2.466666666666667,3,588,207,True
37,2.466666666666667,4,488,414,False
37,2.466666666666667,5,399,639,False
38,2.533333333333333,0,380,151,False
38,2.533333333333333,1,530,148,False
38,2.533333333333333,2,595,164,False
38,2.533333333333333,3,587,208,True
38,2.533333333333333,4,487,417,False
38,2.533333333333333,5,397,640,False
39,2.6,0,380,151,False
39,2.6,1,530,148,False
39,2.6,2,594,166,False
39,2.6,3,586,209,True
39,2.6,4,485,419,False
39,2.6,5,396,640,False
40,2.6666666666666665,0,380,151,False
40,2.6666666666666665,1,530,148,False
40,2.6666666666666665,2,594,166,False
40,2.6666666666666665,3,585,210,True
40,2.6666666666666665,4,485,420,False
40,2.6666666666666665,5,395,641,False
41,2.7333333333333334,0,380,151,False
41,2.7333333333333334,1,530,148,False
41,2.7333333333333334,2,594,167,False
41,2.7333333333333334,3,584,212,True
41,2.7333333333333334,4,483,423,False
41,2.7333333333333334,5,393,641,False
42,2.8,0,380,151,False
42,2.8,1,530,148,False
42,2.8,2,594,168,False
42,2.8,3,584,213,True
42,2.8,4,482,425,False
42,2.8,5,392,641,False
43,2.8666666666666667,0,380,152,False
43,2.8666666666666667,1,530,148,False
43,2.8666666666666667,2,594,168,False
43,2.8666666666666667,3,583,213,True
43,2.8666666666666667,4,481,427,False
43,2.8666666666666667,5,390,642,False
44,2.933333333333333,0,379,151,False
44,2.933333333333333,1,530,148,False
44,2.933333333333333,2,593,170,False
44,2.933333333333333,3,581,215,True
44,2.933333333333333,4,480,430,False
44,2.933333333333333,5,389,643,False
45,3.0,0,380,151,False
45,3.0,1,529,148,False
45,3.0,2,593,170,False
45,3.0,3,582,216,True
45,3.0,4,479,431,False
45,3.0,5,387,644,False
46,3.066666666666667,0,380,151,False
46,3.066666666666667,1,529,148,False
46,3.066666666666667,2,593,171,False
46,3.066666666666667,3,580,217,True
46,3.066666666666667,4,477,434,True
46,3.066666666666667,5,386,646,False
47,3.1333333333333333,0,380,151,False
47,3.1333333333333333,1,530,149,False
47,3.1333333333333333,2,593,172,False
47,3.1333333333333333,3,580,218,True
47,3.1333333333333333,4,477,435,True
47,3.1333333333333333,5,384,646,False
48,3.2,0,379,151,False
48,3.2,1,530,149,False
48,3.2,2,592,173,False
48,3.2,3,580,219,True
48,3.2,4,475,438,True
48,3.2,5,384,647,False
49,3.2666666666666666,0,380,151,False
49,3.2666666666666666,1,530,148,False
49,3.2666666666666666,2,592,174,False
49,3.2666666666666666,3,579,222,True
49,3.2666666666666666,4,474,441,True
49,3.2666666666666666,5,381,649,False
50,3.3333333333333335,0,380,152,False
50,3.3333333333333335,1,529,148,False
50,3.3333333333333335,2,591,175,False
50,3.3333333333333335,3,579,223,True
50,3.3333333333333335,4,473,442,True
50,3.3333333333333335,5,381,649,False
51,3.4,0,380,151,False
51,3.4,1,530,148,False
51,3.4,2,591,176,False
51,3.4,3,579,224,True
51,3.4,4,471,445,True
51,3.4,5,379,650,False
52,3.466666666666667,0,379,151,False
52,3.466666666666667,1,530,148,False
52,3.466666666666667,2,590,176,False
52,3.466666666666667,3,579,225,True
52,3.466666666666667,4,471,446,True
52,3.466666666666667,5,378,650,False
53,3.533333333333333,0,380,152,False
53,3.533333333333333,1,529,149,False
53,3.533333333333333,2,589,178,False
53,3.533333333333333,3,579,227,True
53,3.533333333333333,4,470,449,True
53,3.533333333333333,5,376,652,False
54,3.6,0,380,152,False
54,3.6,1,530,149,False
54,3.6,2,589,180,False
54,3.6,3,579,228,True
54,3.6,4,468,452,True
54,3.6,5,375,653,False
55,3.6666666666666665,0,380,152,False
55,3.6666666666666665,1,530,149,False
55,3.6666666666666665,2,589,180,False
55,3.6666666666666665,3,579,229,True
55,3.6666666666666665,4,467,453,True
55,3.6666666666666665,5,374,653,False
56,3.7333333333333334,0,380,153,False
56,3.7333333333333334,1,530,149,False
56,3.7333333333333334,2,588,181,False
56,3.7333333333333334,3,579,231,True
56,3.7333333333333334,4,465,456,True
56,3.7333333333333334,5,372,655,False
57,3.8,0,380,153,False
57,3.8,1,530,148,False
57,3.8,2,588,183,False
57,3.8,3,580,232,True
57,3.8,4,465,458,True
57,3.8,5,371,656,False
58,3.8666666666666667,0,381,153,False
58,3.8666666666666667,1,530,148,False
58,3.8666666666666667,2,587,183,False
58,3.8666666666666667,3,580,234,True
58,3.8666666666666667,4,464,460,True
58,3.8666666666666667,5,369,658,False
59,3.933333333333333,0,380,153,False
59,3.933333333333333,1,530,148,False
59,3.933333333333333,2,586,185,False
59,3.933333333333333,3,580,236,True
59,3.933333333333333,4,462,463,True
59,3.933333333333333,5,368,659,False
60,4.0,0,380,153,False
60,4.0,1,530,148,False
60,4.0,2,586,186,False
60,4.0,3,581,236,True
60,4.0,4,461,464,True
60,4.0,5,366,660,False
61,4.066666666666666,0,380,153,False
61,4.066666666666666,1,530,148,False
61,4.066666666666666,2,585,188,True
61,4.066666666666666,3,581,237,True
61,4.066666666666666,4,460,467,True
61,4.066666666666666,5,365,662,False
62,4.133333333333334,0,381,154,False
62,4.133333333333334,1,530,148,False
62,4.133333333333334,2,585,188,True
62,4.133333333333334,3,582,238,True
62,4.133333333333334,4,459,469,True
62,4.133333333333334,5,364,663,False
63,4.2,0,380,153,False
63,4.2,1,529,148,False
63,4.2,2,584,190,True
63,4.2,3,582,240,True
63,4.2,4,457,472,True
63,4.2,5,363,665,False
64,4.266666666666667,0,380,154,False
64,4.266666666666667,1,530,148,False
64,4.266666666666667,2,583,192,True
64,4.266666666666667,3,583,241,True
64,4.266666666666667,4,456,475,True
64,4.266666666666667,5,362,667,False
65,4.333333333333333,0,380,153,False
65,4.333333333333333,1,530,148,False
65,4.333333333333333,2,583,192,True
65,4.333333333333333,3,583,242,True
65,4.333333333333333,4,455,476,True
65,4.333333333333333,5,361,668,False
66,4.4,0,381,154,False
66,4.4,1,530,149,False
66,4.4,2,582,194,True
66,4.4,3,584,244,True
66,4.4,4,454,479,True
66,4.4,5,359,670,False
67,4.466666666666667,0,381,154,False
67,4.466666666666667,1,529,149,False
67,4.466666666666667,2,582,195,True
67,4.466666666666667,3,585,245,True
67,4.466666666666667,4,453,480,True
67,4.466666666666667,5,359,671,False
68,4.533333333333333,0,381,153,False
68,4.533333333333333,1,530,149,False
68,4.533333333333333,2,582,197,True
68,4.533333333333333,3,585,246,True
68,4.533333333333333,4,451,483,True
68,4.533333333333333,5,357,673,False
69,4.6,0,380,154,False
69,4.6,1,530,149,False
69,4.6,2,581,198,True
69,4.6,3,586,247,True
69,4.6,4,450,485,True
69,4.6,5,356,673,False
70,4.666666666666667,0,380,153,False
70,4.666666666666667,1,530,149,False
70,4.666666666666667,2,581,199,True
70,4.666666666666667,3,586,248,True
70,4.666666666666667,4,449,487,True
70,4.666666666666667,5,357,673,False
71,4.733333333333333,0,380,153,False
71,4.733333333333333,1,531,149,False
71,4.733333333333333,2,580,201,True
71,4.733333333333333,3,587,250,True
71,4.733333333333333,4,447,490,True
71,4.733333333333333,5,357,673,False
72,4.8,0,380,153,False
72,4.8,1,530,149,False
72,4.8,2,579,202,True
72,4.8,3,587,250,True
72,4.8,4,446,491,True
72,4.8,5,357,673,False
73,4.866666666666666,0,380,153,False
73,4.866666666666666,1,530,148,False
73,4.866666666666666,2,578,204,True
73,4.866666666666666,3,588,252,True
73,4.866666666666666,4,445,494,True
73,4.866666666666666,5,357,673,False
74,4.933333333333334,0,380,153,False
74,4.933333333333334,1,531,148,False
74,4.933333333333334,2,577,205,True
74,4.933333333333334,3,587,253,True
74,4.933333333333334,4,443,496,True
74,4.933333333333334,5,357,673,False
75,5.0,0,380,153,False
75,5.0,1,530,148,False
75,5.0,2,577,206,True
75,5.0,3,587,254,True
75,5.0,4,442,498,True
75,5.0,5,357,673,False
76,5.066666666666666,0,381,153,False
76,5.066666666666666,1,530,148,False
76,5.066666666666666,2,577,209,True
76,5.066666666666666,3,588,255,True
76,5.066666666666666,4,441,500,True
76,5.066666666666666,5,357,673,False
77,5.133333333333334,0,381,153,False
77,5.133333333333334,1,531,149,False
77,5.133333333333334,2,576,209,True
77,5.133333333333334,3,587,256,True
77,5.133333333333334,4,440,501,True
77,5.133333333333334,5,357,673,False
78,5.2,0,381,152,False
78,5.2,1,530,149,False
78,5.2,2,574,211,True
78,5.2,3,588,258,True
78,5.2,4,438,504,True
78,5.2,5,357,673,False
79,5.266666666666667,0,381,153,False
79,5.266666666666667,1,530,149,False
79,5.266666666666667,2,574,213,True
79,5.266666666666667,3,586,259,True
79,5.266666666666667,4,437,507,True
79,5.266666666666667,5,357,673,False
80,5.333333333333333,0,381,153,False
80,5.333333333333333,1,531,149,False
80,5.333333333333333,2,573,214,True
80,5.333333333333333,3,587,260,True
80,5.333333333333333,4,435,508,True
80,5.333333333333333,5,357,673,False
81,5.4,0,381,153,False
81,5.4,1,530,149,False
81,5.4,2,573,216,True
81,5.4,3,586,262,True
81,5.4,4,434,510,True
81,5.4,5,357,673,False
82,5.466666666666667,0,381,152,False
82,5.466666666666667,1,530,149,False
82,5.466666666666667,2,573,216,True
82,5.466666666666667,3,585,263,True
82,5.466666666666667,4,434,512,True
82,5.466666666666667,5,357,673,False
83,5.533333333333333,0,380,153,False
83,5.533333333333333,1,530,149,False
83,5.533333333333333,2,572,219,True
83,5.533333333333333,3,585,264,True
83,5.533333333333333,4,431,515,True
83,5.533333333333333,5,357,673,False
84,5.6,0,381,153,False
84,5.6,1,530,149,False
84,5.6,2,570,221,True
84,5.6,3,584,265,True
84,5.6,4,430,518,True
84,5.6,5,357,673,False
85,5.666666666666667,0,381,152,False
85,5.666666666666667,1,530,149,False
85,5.666666666666667,2,570,221,True
85,5.666666666666667,3,584,266,True
85,5.666666666666667,4,430,519,True
85,5.666666666666667,5,357,673,False
86,5.733333333333333,0,380,153,False
86,5.733333333333333,1,530,148,False
86,5.733333333333333,2,569,224,True
86,5.733333333333333,3,582,267,True
86,5.733333333333333,4,427,521,True
86,5.733333333333333,5,357,673,False
87,5.8,0,381,153,False
87,5.8,1,530,148,False
87,5.8,2,569,225,True
87,5.8,3,582,267,True
87,5.8,4,427,523,True
87,5.8,5,357,673,False
88,5.866666666666666,0,381,152,False
88,5.866666666666666,1,530,148,False
88,5.866666666666666,2,568,226,True
88,5.866666666666666,3,581,268,True
88,5.866666666666666,4,425,525,True
88,5.866666666666666,5,357,673,False
89,5.933333333333334,0,381,153,False
89,5.933333333333334,1,530,148,False
89,5.933333333333334,2,567,229,True
89,5.933333333333334,3,580,269,True
89,5.933333333333334,4,424,528,True
89,5.933333333333334,5,357,673,False
90,6.0,0,381,153,False
90,6.0,1,530,148,False
90,6.0,2,566,230,True
90,6.0,3,580,269,True
90,6.0,4,423,530,True
90,6.0,5,357,673,False
91,6.066666666666666,0,381,153,False
91,6.066666666666666,1,530,148,False
91,6.066666666666666,2,565,232,True
91,6.066666666666666,3,578,271,True
91,6.066666666666666,4,421,533,True
91,6.066666666666666,5,357,673,False
92,6.133333333333334,0,380,153,False
92,6.133333333333334,1,530,148,False
92,6.133333333333334,2,565,233,True
92,6.133333333333334,3,578,271,True
92,6.133333333333334,4,420,534,True
92,6.133333333333334,5,357,673,False
93,6.2,0,381,152,False
93,6.2,1,530,148,False
93,6.2,2,564,235,True
93,6.2,3,577,272,True
93,6.2,4,419,537,True
93,6.2,5,357,673,False
94,6.266666666666667,0,381,153,False
94,6.266666666666667,1,530,148,False
94,6.266666666666667,2,563,237,True
94,6.266666666666667,3,576,273,True
94,6.266666666666667,4,417,539,True
94,6.266666666666667,5,357,673,False
95,6.333333333333333,0,381,153,False
95,6.333333333333333,1,530,148,False
95,6.333333333333333,2,562,238,True
95,6.333333333333333,3,574,273,True
95,6.333333333333333,4,416,540,True
95,6.333333333333333,5,357,673,False
96,6.4,0,380,153,False
96,6.4,1,530,148,False
96,6.4,2,561,241,True
96,6.4,3,574,274,True
96,6.4,4,415,543,True
96,6.4,5,357,673,False
97,6.466666666666667,0,381,153,False
97,6.466666666666667,1,531,148,False
97,6.466666666666667,2,560,241,True
97,6.466666666666667,3,573,274,True
97,6.466666666666667,4,414,544,True
97,6.466666666666667,5,357,673,False
98,6.533333333333333,0,381,153,False
98,6.533333333333333,1,531,148,False
98,6.533333333333333,2,560,243,True
98,6.533333333333333,3,572,275,True
98,6.533333333333333,4,412,548,True
98,6.533333333333333,5,357,673,False
99,6.6,0,381,154,False
99,6.6,1,531,148,False
99,6.6,2,558,245,True
99,6.6,3,571,275,True
99,6.6,4,411,550,True
99,6.6,5,357,673,False
100,6.666666666666667,0,381,154,False
100,6.666666666666667,1,531,148,False
100,6.666666666666667,2,557,247,True
100,6.666666666666667,3,570,276,True
100,6.666666666666667,4,410,552,True
100,6.666666666666667,5,357,673,False
101,6.733333333333333,0,381,153,False
101,6.733333333333333,1,531,148,False
101,6.733333333333333,2,556,248,True
101,6.733333333333333,3,568,277,True
101,6.733333333333333,4,408,555,True
101,6.733333333333333,5,357,673,False
102,6.8,0,381,154,False
102,6.8,1,531,148,False
102,6.8,2,556,250,True
102,6.8,3,568,277,True
102,6.8,4,408,556,True
102,6.8,5,357,673,False
103,6.866666666666666,0,381,154,False
103,6.866666666666666,1,531,148,False
103,6.866666666666666,2,555,251,True
103,6.866666666666666,3,567,277,True
103,6.866666666666666,4,405,559,True
103,6.866666666666666,5,357,673,False
104,6.933333333333334,0,381,154,False
104,6.933333333333334,1,531,148,False
104,6.933333333333334,2,554,253,True
104,6.933333333333334,3,566,278,True
104,6.933333333333334,4,405,562,True
104,6.933333333333334,5,357,673,False
105,7.0,0,381,155,False
105,7.0,1,531,148,False
105,7.0,2,553,255,True
105,7.0,3,565,278,True
105,7.0,4,403,564,True
105,7.0,5,357,673,False
106,7.066666666666666,0,381,154,False
106,7.066666666666666,1,531,148,False
106,7.066666666666666,2,552,256,True
106,7.066666666666666,3,563,279,True
106,7.066666666666666,4,402,567,True
106,7.066666666666666,5,357,673,False
107,7.133333333333334,0,382,154,False
107,7.133333333333334,1,530,148,False
107,7.133333333333334,2,551,258,True
107,7.133333333333334,3,564,279,True
107,7.133333333333334,4,401,568,True
107,7.133333333333334,5,357,673,False
108,7.2,0,382,155,False
108,7.2,1,530,149,False
108,7.2,2,549,259,True
108,7.2,3,561,280,True
108,7.2,4,399,570,True
108,7.2,5,357,673,False
109,7.266666666666667,0,382,155,False
109,7.266666666666667,1,530,149,False
109,7.266666666666667,2,548,262,True
109,7.266666666666667,3,561,281,True
109,7.266666666666667,4,398,573,True
109,7.266666666666667,5,357,673,False
110,7.333333333333333,0,382,154,False
110,7.333333333333333,1,530,149,False
110,7.333333333333333,2,548,262,True
110,7.333333333333333,3,560,282,True
110,7.333333333333333,4,397,575,True
110,7.333333333333333,5,357,673,False
111,7.4,0,382,155,False
111,7.4,1,531,149,False
111,7.4,2,547,265,True
111,7.4,3,559,282,True
111,7.4,4,395,578,False
111,7.4,5,357,673,False
112,7.466666666666667,0,382,154,False
112,7.466666666666667,1,531,148,False
112,7.466666666666667,2,546,266,True
112,7.466666666666667,3,559,283,True
112,7.466666666666667,4,394,579,False
112,7.466666666666667,5,357,673,False
113,7.533333333333333,0,382,155,False
113,7.533333333333333,1,531,148,False
113,7.533333333333333,2,544,267,True
113,7.533333333333333,3,557,283,True
113,7.533333333333333,4,392,582,False
113,7.533333333333333,5,357,673,False
114,7.6,0,382,154,False
114,7.6,1,531,148,False
114,7.6,2,543,270,True
114,7.6,3,556,283,True
114,7.6,4,390,585,False
114,7.6,5,357,673,False
115,7.666666666666667,0,382,155,False
115,7.666666666666667,1,531,149,False
115,7.666666666666667,2,542,271,True
115,7.666666666666667,3,555,284,True
115,7.666666666666667,4,390,586,False
115,7.666666666666667,5,357,673,False
116,7.733333333333333,0,382,154,False
116,7.733333333333333,1,531,148,False
116,7.733333333333333,2,540,273,True
116,7.733333333333333,3,555,284,True
116,7.733333333333333,4,388,589,False
116,7.733333333333333,5,357,673,False
117,7.8,0,382,154,False
117,7.8,1,531,148,False
117,7.8,2,540,274,True
117,7.8,3,554,285,True
117,7.8,4,387,591,False
117,7.8,5,357,673,False
118,7.866666666666666,0,382,154,False
118,7.866666666666666,1,531,148,False
118,7.866666666666666,2,539,276,True
118,7.866666666666666,3,553,286,True
118,7.866666666666666,4,385,594,False
118,7.866666666666666,5,357,673,False
119,7.933333333333334,0,382,154,False
119,7.933333333333334,1,531,148,False
119,7.933333333333334,2,537,279,True
119,7.933333333333334,3,552,287,True
119,7.933333333333334,4,383,597,False
119,7.933333333333334,5,357,673,False
120,8.0,0,382,154,False
120,8.0,1,531,148,False
120,8.0,2,537,280,True
120,8.0,3,551,288,True
120,8.0,4,383,598,False
120,8.0,5,357,673,False
121,8.066666666666666,0,382,154,False
121,8.066666666666666,1,531,148,False
121,8.066666666666666,2,535,282,True
121,8.066666666666666,3,551,290,True
121,8.066666666666666,4,380,601,False
121,8.066666666666666,5,357,673,False
122,8.133333333333333,0,382,154,False
122,8.133333333333333,1,531,148,False
122,8.133333333333333,2,535,283,True
122,8.133333333333333,3,550,290,True
122,8.133333333333333,4,379,603,False
122,8.133333333333333,5,357,673,False
123,8.2,0,382,154,False
123,8.2,1,531,148,False
123,8.2,2,533,285,True
123,8.2,3,550,291,True
123,8.2,4,378,606,False
123,8.2,5,357,673,False
124,8.266666666666667,0,382,154,False
124,8.266666666666667,1,531,148,False
124,8.266666666666667,2,532,288,True
124,8.266666666666667,3,549,292,True
124,8.266666666666667,4,376,609,False
124,8.266666666666667,5,357,673,False
125,8.333333333333334,0,382,154,False
125,8.333333333333334,1,531,148,False
125,8.333333333333334,2,531,289,True
125,8.333333333333334,3,549,293,True
125,8.333333333333334,4,375,610,False
125,8.333333333333334,5,357,673,False
126,8.4,0,382,154,False
126,8.4,1,531,148,False
126,8.4,2,529,291,True
126,8.4,3,548,295,True
126,8.4,4,372,613,False
126,8.4,5,357,673,False
127,8.466666666666667,0,382,154,False
127,8.466666666666667,1,531,148,False
127,8.466666666666667,2,529,293,True
127,8.466666666666667,3,548,296,True
127,8.466666666666667,4,372,615,False
127,8.466666666666667,5,357,673,False
128,8.533333333333333,0,382,154,False
128,8.533333333333333,1,531,147,False
128,8.533333333333333,2,528,294,True
128,8.533333333333333,3,548,297,True
128,8.533333333333333,4,370,618,False
128,8.533333333333333,5,357,673,False
129,8.6,0,382,154,False
129,8.6,1,531,147,False
129,8.6,2,526,297,True
129,8.6,3,547,299,True
129,8.6,4,367,621,False
129,8.6,5,357,673,False
130,8.666666666666666,0,382,154,False
130,8.666666666666666,1,531,148,False
130,8.666666666666666,2,525,298,True
130,8.666666666666666,3,547,299,True
130,8.666666666666666,4,367,623,False
130,8.666666666666666,5,357,673,False
131,8.733333333333333,0,382,154,False
131,8.733333333333333,1,530,148,False
131,8.733333333333333,2,523,301,True
131,8.733333333333333,3,548,301,True
131,8.733333333333333,4,365,626,False
131,8.733333333333333,5,357,673,False
132,8.8,0,383,155,False
132,8.8,1,531,148,False
132,8.8,2,523,302,True
132,8.8,3,547,302,True
132,8.8,4,364,628,False
132,8.8,5,357,673,False
133,8.866666666666667,0,383,154,False
133,8.866666666666667,1,531,147,False
133,8.866666666666667,2,522,304,True
133,8.866666666666667,3,548,303,True
133,8.866666666666667,4,362,631,False
133,8.866666666666667,5,357,673,False
134,8.933333333333334,0,383,155,False
134,8.933333333333334,1,530,147,False
134,8.933333333333334,2,521,306,True
134,8.933333333333334,3,548,304,True
134,8.933333333333334,4,361,632,False
134,8.933333333333334,5,357,673,False
135,9.0,0,383,155,False
135,9.0,1,531,148,False
135,9.0,2,520,308,True
135,9.0,3,548,306,True
135,9.0,4,358,636,False
135,9.0,5,357,673,False
136,9.066666666666666,0,382,155,False
136,9.066666666666666,1,531,148,False
136,9.066666666666666,2,518,310,True
136,9.066666666666666,3,548,308,True
136,9.066666666666666,4,357,639,False
136,9.066666666666666,5,357,673,False
137,9.133333333333333,0,382,155,False
137,9.133333333333333,1,531,148,False
137,9.133333333333333,2,517,312,True
137,9.133333333333333,3,549,309,True
137,9.133333333333333,4,356,640,False
137,9.133333333333333,5,357,673,False
138,9.2,0,382,155,False
138,9.2,1,531,148,False
138,9.2,2,516,314,True
138,9.2,3,549,310,True
138,9.2,4,353,643,False
138,9.2,5,357,673,False
139,9.266666666666667,0,382,156,False
139,9.266666666666667,1,531,148,False
139,9.266666666666667,2,515,316,True
139,9.266666666666667,3,549,312,True
139,9.266666666666667,4,352,647,False
139,9.266666666666667,5,357,673,False
140,9.333333333333334,0,382,155,False
140,9.333333333333334,1,530,147,False
140,9.333333333333334,2,515,317,True
140,9.333333333333334,3,550,313,True
140,9.333333333333334,4,350,649,False
140,9.333333333333334,5,357,673,False
141,9.4,0,381,156,False
141,9.4,1,531,147,False
141,9.4,2,513,320,True
141,9.4,3,550,314,True
141,9.4,4,348,652,False
141,9.4,5,357,673,False
142,9.466666666666667,0,381,156,False
142,9.466666666666667,1,531,147,False
142,9.466666666666667,2,512,321,False
142,9.466666666666667,3,550,316,True
142,9.466666666666667,4,347,654,False
142,9.466666666666667,5,357,673,False
143,9.533333333333333,0,381,156,False
143,9.533333333333333,1,531,147,False
143,9.533333333333333,2,511,323,False
143,9.533333333333333,3,550,318,True
143,9.533333333333333,4,345,656,False
143,9.533333333333333,5,357,673,False
144,9.6,0,382,157,False
144,9.6,1,530,147,False
144,9.6,2,511,325,False
144,9.6,3,550,319,True
144,9.6,4,343,658,False
144,9.6,5,357,673,False
145,9.666666666666666,0,381,156,False
145,9.666666666666666,1,531,147,False
145,9.666666666666666,2,509,327,False
145,9.666666666666666,3,551,321,True
145,9.666666666666666,4,341,661,False
145,9.666666666666666,5,357,673,False
146,9.733333333333333,0,381,157,False
146,9.733333333333333,1,531,148,False
146,9.733333333333333,2,508,329,False
146,9.733333333333333,3,551,323,True
146,9.733333333333333,4,339,665,False
146,9.733333333333333,5,357,673,False
147,9.8,0,381,157,False
147,9.8,1,531,148,False
147,9.8,2,508,330,False
147,9.8,3,550,324,True
147,9.8,4,338,666,False
147,9.8,5,357,673,False
148,9.866666666666667,0,381,158,False
148,9.866666666666667,1,531,148,False
148,9.866666666666667,2,507,332,False
148,9.866666666666667,3,551,326,True
148,9.866666666666667,4,335,669,False
148,9.866666666666667,5,357,673,False
149,9.933333333333334,0,381,158,False
149,9.933333333333334,1,531,148,False
149,9.933333333333334,2,505,334,False
149,9.933333333333334,3,550,327,True
149,9.933333333333334,4,334,670,False
149,9.933333333333334,5,357,673,False
150,10.0,0,380,158,False
150,10.0,1,530,148,False
150,10.0,2,505,336,False
150,10.0,3,551,329,True
150,10.0,4,333,673,False
150,10.0,5,357,673,False
151,10.066666666666666,0,379,159,False
151,10.066666666666666,1,531,148,False
151,10.066666666666666,2,504,339,False
151,10.066666666666666,3,549,331,True
151,10.066666666666666,4,330,673,False
151,10.066666666666666,5,357,673,False
152,10.133333333333333,0,380,159,False
152,10.133333333333333,1,531,147,False
152,10.133333333333333,2,503,339,False
152,10.133333333333333,3,550,332,True
152,10.133333333333333,4,328,673,False
152,10.133333333333333,5,357,673,False
153,10.2,0,379,159,False
153,10.2,1,531,147,False
153,10.2,2,502,342,False
153,10.2,3,548,333,True
153,10.2,4,328,673,False
153,10.2,5,357,673,False
154,10.266666666666667,0,379,160,False
154,10.266666666666667,1,530,148,False
154,10.266666666666667,2,501,343,False
154,10.266666666666667,3,548,334,True
154,10.266666666666667,4,328,673,False
154,10.266666666666667,5,357,673,False
155,10.333333333333334,0,378,161,False
155,10.333333333333334,1,531,148,False
155,10.333333333333334,2,499,345,False
155,10.333333333333334,3,548,336,True
155,10.333333333333334,4,328,673,False
155,10.333333333333334,5,357,673,False
156,10.4,0,377,161,False
156,10.4,1,531,148,False
156,10.4,2,499,347,False
156,10.4,3,546,338,True
156,10.4,4,328,673,False
156,10.4,5,357,673,False
157,10.466666666666667,0,377,162,False
157,10.466666666666667,1,531,148,False
157,10.466666666666667,2,498,348,False
157,10.466666666666667,3,546,339,True
157,10.466666666666667,4,328,673,False
157,10.466666666666667,5,357,673,False
158,10.533333333333333,0,377,163,False
158,10.533333333333333,1,531,147,False
158,10.533333333333333,2,497,350,False
158,10.533333333333333,3,545,340,True
158,10.533333333333333,4,328,673,False
158,10.533333333333333,5,357,673,False
159,10.6,0,377,163,False
159,10.6,1,530,147,False
159,10.6,2,497,351,False
159,10.6,3,545,341,True
159,10.6,4,328,673,False
159,10.6,5,357,673,False
160,10.666666666666666,0,376,163,False
160,10.666666666666666,1,531,147,False
160,10.666666666666666,2,496,353,False
160,10.666666666666666,3,544,343,True
160,10.666666666666666,4,328,673,False
160,10.666666666666666,5,357,673,False
161,10.733333333333333,0,375,165,False
161,10.733333333333333,1,531,148,False
161,10.733333333333333,2,494,355,False
161,10.733333333333333,3,542,345,False
161,10.733333333333333,4,328,673,False
161,10.733333333333333,5,357,673,False
162,10.8,0,376,165,False
162,10.8,1,530,148,False
162,10.8,2,494,356,False
162,10.8,3,542,345,False
162,10.8,4,328,673,False
162,10.8,5,357,673,False
163,10.866666666666667,0,375,166,False
163,10.866666666666667,1,531,148,False
163,10.866666666666667,2,493,358,False
163,10.866666666666667,3,540,347,False
163,10.866666666666667,4,328,673,False
163,10.866666666666667,5,357,673,False
164,10.933333333333334,0,375,167,False
164,10.933333333333334,1,531,148,False
164,10.933333333333334,2,493,359,False
164,10.933333333333334,3,540,347,False
164,10.933333333333334,4,328,673,False
164,10.933333333333334,5,357,673,False
165,11.0,0,374,167,False
165,11.0,1,531,148,False
165,11.0,2,493,361,False
165,11.0,3,538,349,False
165,11.0,4,328,673,False
165,11.0,5,357,673,False
166,11.066666666666666,0,374,169,False
166,11.066666666666666,1,530,148,False
166,11.066666666666666,2,491,363,False
166,11.066666666666666,3,537,350,False
166,11.066666666666666,4,328,673,False
166,11.066666666666666,5,357,673,False
167,11.133333333333333,0,373,169,False
167,11.133333333333333,1,531,147,False
167,11.133333333333333,2,491,364,False
167,11.133333333333333,3,536,351,False
167,11.133333333333333,4,328,673,False
167,11.133333333333333,5,357,673,False
168,11.2,0,372,170,False
168,11.2,1,531,147,False
168,11.2,2,490,365,False
168,11.2,3,534,352,False
168,11.2,4,328,673,False
168,11.2,5,357,673,False
169,11.266666666666667,0,372,170,False
169,11.266666666666667,1,531,147,False
169,11.266666666666667,2,490,367,False
169,11.266666666666667,3,534,352,False
169,11.266666666666667,4,328,673,False
169,11.266666666666667,5,357,673,False
170,11.333333333333334,0,372,172,False
170,11.333333333333334,1,530,147,False
170,11.333333333333334,2,489,368,False
170,11.333333333333334,3,532,354,False
170,11.333333333333334,4,328,673,False
170,11.333333333333334,5,357,673,False
171,11.4,0,371,173,False
171,11.4,1,530,147,False
171,11.4,2,488,370,False
171,11.4,3,531,355,False
171,11.4,4,328,673,False
171,11.4,5,357,673,False
172,11.466666666666667,0,371,173,False
172,11.466666666666667,1,531,147,False
172,11.466666666666667,2,488,370,False
172,11.466666666666667,3,529,355,False
172,11.466666666666667,4,328,673,False
172,11.466666666666667,5,357,673,False
173,11.533333333333333,0,370,175,False
173,11.533333333333333,1,531,148,False
173,11.533333333333333,2,487,373,False
173,11.533333333333333,3,529,356,False
173,11.533333333333333,4,328,673,False
173,11.533333333333333,5,357,673,False
174,11.6,0,369,176,False
174,11.6,1,530,148,False
174,11.6,2,486,373,False
174,11.6,3,527,356,False
174,11.6,4,328,673,False
174,11.6,5,357,673,False
175,11.666666666666666,0,369,176,False
175,11.666666666666666,1,531,148,False
175,11.666666666666666,2,485,375,False
175,11.666666666666666,3,526,358,False
175,11.666666666666666,4,328,673,False
175,11.666666666666666,5,357,673,False
176,11.733333333333333,0,369,178,False
176,11.733333333333333,1,531,148,False
176,11.733333333333333,2,484,376,False
176,11.733333333333333,3,524,359,False
176,11.733333333333333,4,328,673,False
176,11.733333333333333,5,357,673,False
177,11.8,0,368,178,False
177,11.8,1,531,148,False
177,11.8,2,483,377,False
177,11.8,3,523,360,False
177,11.8,4,328,673,False
177,11.8,5,357,673,False
178,11.866666666666667,0,368,180,False
178,11.866666666666667,1,531,148,False
178,11.866666666666667,2,483,379,False
178,11.866666666666667,3,522,360,False
178,11.866666666666667,4,328,673,False
178,11.866666666666667,5,357,673,False
179,11.933333333333334,0,367,180,False
179,11.933333333333334,1,531,148,False
179,11.933333333333334,2,482,380,False
179,11.933333333333334,3,521,360,False
179,11.933333333333334,4,328,673,False
179,11.933333333333334,5,357,673,False
180,12.0,0,366,182,False
180,12.0,1,532,148,False
180,12.0,2,481,381,False
180,12.0,3,520,361,False
180,12.0,4,328,673,False
180,12.0,5,357,673,False
181,12.066666666666666,0,366,183,False
181,12.066666666666666,1,531,148,False
181,12.066666666666666,2,480,383,False
181,12.066666666666666,3,518,362,False
181,12.066666666666666,4,328,673,False
181,12.066666666666666,5,357,673,False
182,12.133333333333333,0,365,183,False
182,12.133333333333333,1,531,148,False
182,12.133333333333333,2,480,384,False
182,12.133333333333333,3,517,363,False
182,12.133333333333333,4,328,673,False
182,12.133333333333333,5,357,673,False
183,12.2,0,364,185,True
183,12.2,1,531,148,False
183,12.2,2,479,385,False
183,12.2,3,515,363,False
183,12.2,4,328,673,False
183,12.2,5,357,673,False
184,12.266666666666667,0,363,185,True
184,12.266666666666667,1,531,148,False
184,12.266666666666667,2,479,386,False
184,12.266666666666667,3,515,363,False
184,12.266666666666667,4,328,673,False
184,12.266666666666667,5,357,673,False
185,12.333333333333334,0,363,186,True
185,12.333333333333334,1,531,147,False
185,12.333333333333334,2,478,387,False
185,12.333333333333334,3,513,364,False
185,12.333333333333334,4,328,673,False
185,12.333333333333334,5,357,673,False
186,12.4,0,362,188,True
186,12.4,1,531,147,False
186,12.4,2,477,389,False
186,12.4,3,512,365,False
186,12.4,4,328,673,False
186,12.4,5,357,673,False
187,12.466666666666667,0,362,189,True
187,12.466666666666667,1,530,148,False
187,12.466666666666667,2,476,390,False
187,12.466666666666667,3,511,366,False
187,12.466666666666667,4,328,673,False
187,12.466666666666667,5,357,673,False
188,12.533333333333333,0,361,190,True
188,12.533333333333333,1,531,148,False
188,12.533333333333333,2,475,391,False
188,12.533333333333333,3,509,366,False
188,12.533333333333333,4,328,673,False
188,12.533333333333333,5,357,673,False
189,12.6,0,360,191,True
189,12.6,1,531,148,False
189,12.6,2,474,392,False
189,12.6,3,508,367,False
189,12.6,4,328,673,False
189,12.6,5,357,673,False
190,12.666666666666666,0,359,192,True
190,12.666666666666666,1,531,148,False
190,12.666666666666666,2,473,393,False
190,12.666666666666666,3,507,368,False
190,12.666666666666666,4,328,673,False
190,12.666666666666666,5,357,673,False
191,12.733333333333333,0,358,194,True
191,12.733333333333333,1,530,148,False
191,12.733333333333333,2,472,395,False
191,12.733333333333333,3,506,369,False
191,12.733333333333333,4,328,673,False
191,12.733333333333333,5,357,673,False
192,12.8,0,357,194,True
192,12.8,1,531,148,False
192,12.8,2,472,396,False
192,12.8,3,505,369,False
192,12.8,4,328,673,False
192,12.8,5,357,673,False
193,12.866666666666667,0,357,196,True
193,12.866666666666667,1,531,147,False
193,12.866666666666667,2,470,396,False
193,12.866666666666667,3,504,371,False
193,12.866666666666667,4,328,673,False
193,12.866666666666667,5,357,673,False
194,12.933333333333334,0,356,196,True
194,12.933333333333334,1,531,147,False
194,12.933333333333334,2,470,398,False
194,12.933333333333334,3,503,371,False
194,12.933333333333334,4,328,673,False
194,12.933333333333334,5,357,673,False
195,13.0,0,356,198,True
195,13.0,1,531,147,False
195,13.0,2,469,399,False
195,13.0,3,501,372,False
195,13.0,4,328,673,False
195,13.0,5,357,673,False
